,moment1,moment2,cos
0,0.0,0.03,0.0
1,-1.4154059093003908,8.033538984190242,-7.5046119045454684
2,-0.5644133692606128,8.031893444595207,-7.929720119564221
