,moment1,moment2,cos
0,0.001354893,8.012983,-3.3739777
1,0.010172742,7.8869815,-3.3596277
