,epoch,Loss_dr,Grad_norm
1,1.0,11.171310007572174,41.6848030090332
