,moment1,moment2,cos
0,-0.0027735264,7.9979634,-8.214819
1,-0.06771417,8.034573,-8.184695
