,epoch,Loss_dr,Grad_norm
1,1.0,1.5167481899261475,32.3179817199707
